رقم العملية (ID),المبلغ (د.ل),التاريخ والوقت,الغرض / الحملة,اسم المتبرع,رقم الهاتف,رقم التتبع (ORD)
10193,10,2026-08-27 05:12:48,حفر عشرون بئر في منطقة أم الرزم,بوبكر أحمد عبدالله محمد,0928436855,ORD-1787807229071
10192,10,2026-08-27 05:02:08,حفر عشرون بئر في منطقة أم الرزم,بوبكر أحمد عبدالله محمد,0928436855,ORD-1787807229071
10166,10,2026-08-17 11:36:54,الكنوز الأثرية,نجية محمد صالح الشلوي,0942821295,ORD-1786966575253
10161,5,2026-08-14 12:24:20,توفير قرطاسية ومصاريف دراسة لعدد خمسمائة طالب من الأسر المحتاجة,اسلام خالد حسن,0915482036,مسترجع / بدون تتبع
10160,5,2026-08-14 12:22:09,توفير سكن للعائلة متعففة تقيم في الشارع العام,اسلام خالد حسن,0915482036,مسترجع / بدون تتبع
10159,10,2026-08-14 11:37:30,صيانة مسجد طلحة بن عبيدالله  منطقة السلماني,اسلام خالد حسن,0915482036,ORD-1786707281829
10156,100,2026-08-14 04:03:23,الكنوز الأثرية,مروان علي محمد الشطشاط,0924891483,مسترجع / بدون تتبع
10139,50,2026-08-08 07:45:24,توفير سكن للعائلة متعففة تقيم في الشارع العام,مصعب محمد,0923108761,مسترجع / بدون تتبع
9009,150,2026-07-14 22:19:39,إنشاء مسجد حنظلة بن الربيع بمنطقة الكويفية,عبدالرؤوف إسماعيل زوبي,0923795919,ORD-1784067475608
9008,50,2026-07-14 22:16:38,تبرع سريع,عبدالرؤوف إسماعيل زوبي,0923795919,ORD-1784067260302
8815,50,2026-07-06 15:43:30,إنشاء مسجد حنظلة بن الربيع بمنطقة الكويفية,صلاح أحمد,0914266991,ORD-1783352491037
8362,100,2026-06-16 03:11:46,تبرع سريع,مروان علي محمد الشطشاط,0924891483,ORD-1781579261053
8206,5000,2026-06-07 13:09:28,توفير سكن للعائلة متعففة تقيم في الشارع العام,Ahmed Abdulrahim,0927758819,ORD-1780837634913
8015,10,2026-05-30 13:08:12,حملة لغرس أشجار في مناطق متعددة,عبدالرحمن صلاح محمود مصطفي,0928863766,ORD-1780146315198
7899,10,2026-05-26 16:10:15,توفير سكن للعائلة متعففة تقيم في الشارع العام,Hawa Almatony,0942451066,ORD-1779811207248
7895,10,2026-05-26 16:04:09,توفير سكن للعائلة متعففة تقيم في الشارع العام,اسلام خالد حسن,0915482036,ORD-1779811207248
7894,5,2026-05-26 16:02:40,إنشاء مسجد حنظلة بن الربيع بمنطقة الكويفية,اسلام خالد حسن,0915482036,ORD-1779811015303
7893,10,2026-05-26 16:02:28,إنشاء مسجد حنظلة بن الربيع بمنطقة الكويفية,محمد سليمان حمد نجم,0928151386,ORD-1779811207248
7892,5,2026-05-26 16:02:14,صيانة مسجد طلحة بن عبيدالله  منطقة السلماني,عائشة البدري,0914858897,ORD-1779811015303
7891,10,2026-05-26 16:01:24,تبرع سريع,محمد سليمان حمد نجم,0928151386,ORD-1779811207248
7890,10,2026-05-26 16:00:57,صيانة مسجد طلحة بن عبيدالله  منطقة السلماني,اسلام خالد حسن,0915482036,ORD-1779811207248
7888,5,2026-05-26 15:59:30,حملة لغرس أشجار في مناطق متعددة,اسلام خالد حسن,0915482036,ORD-1779811015303
7880,5,2026-05-26 15:51:04,حملة لغرس أشجار في مناطق متعددة,أسامه البرعصي,0923907962,ORD-1779811015303
7878,5,2026-05-26 15:50:32,حملة لغرس أشجار في مناطق متعددة,عائشة البدري,0914858897,ORD-1779811015303
7591,50,2026-05-24 10:20:22,تجهيز موتى المسلمين,عبدالسلام العوامي,0916218152,ORD-1779617698689
7589,50,2026-05-24 10:16:44,إنشاء مسجد حنظلة بن الربيع بمنطقة الكويفية,سراج علي محمد,0926410117,ORD-1779617698689
7275,25,2026-05-19 08:16:26,إنشاء مسجد حنظلة بن الربيع بمنطقة الكويفية,سراج علي محمد,0926410117,ORD-1779178400976
7239,5000,2026-05-18 13:57:12,توفير سكن للعائلة متعففة تقيم في الشارع العام,Ahmed Abdulrahim,0927758819,ORD-1779112498365
7192,100,2026-05-17 14:12:31,تجهيز موتى المسلمين,ابوبكر العوامي,0924322303,ORD-1779027018612
7191,100,2026-05-17 14:07:21,إنشاء مسجد حنظلة بن الربيع بمنطقة الكويفية,ميلاد فرجاني ميلاد خليل,0919523058,ORD-1779027018612
7189,100,2026-05-17 14:05:08,صيانة مسجد طلحة بن عبيدالله  منطقة السلماني,ميلاد فرجاني ميلاد خليل,0919523058,ORD-1779027018612
6999,5,2026-05-11 16:50:15,توفير أثاث معمر لشاب مقبل على الزواج,noure,0911081088,ORD-1778517770817
6980,10,2026-05-11 05:01:59,تبرع سريع,صالح عبدالعاطي عبدالهادي شعيب,0945635972,ORD-1778475550487
6852,10,2026-05-07 12:47:21,تجهيز موتى المسلمين,ابو العباس بن احمد,0924861052,ORD-1778157979795
6835,50,2026-05-06 23:08:08,توفير سكن للعائلة متعففة تقيم في الشارع العام,ابوبكر العوامي,0924322303,ORD-1778108761446
6707,300,2026-05-03 06:45:39,صيانة مسجد طلحة بن عبيدالله  منطقة السلماني,أحمد الشارف,0915090260,ORD-1777790499255
6504,5,2026-04-25 18:23:31,تجهيز موتى المسلمين,بوبكر أحمد عبدالله محمد,0928436855,ORD-1777141206681
6473,50,2026-04-24 15:31:44,صيانة مسجد طلحة بن عبيدالله  منطقة السلماني,أبو أواب,0928997543,ORD-1777044466436
6445,10,2026-04-23 23:58:19,إنشاء مسجد حنظلة بن الربيع بمنطقة الكويفية,بوبكر أحمد عبدالله محمد,0928436855,ORD-1776988559817
6444,10,2026-04-23 23:35:45,تبرع سريع,بوبكر أحمد عبدالله محمد,0928436855,ORD-1776987065353
6284,100,2026-04-18 05:33:20,إنشاء مسجد حنظلة بن الربيع بمنطقة الكويفية,مروان علي محمد الشطشاط,0924891483,ORD-1776490188954
6265,5000,2026-04-17 13:06:58,توفير سكن للعائلة متعففة تقيم في الشارع العام,Ahmed Abdulrahim,0927758819,ORD-1776430875494
5747,5,2026-04-02 20:41:15,صيانة مسجد طلحة بن عبيدالله  منطقة السلماني,اسلام خالد حسن,0915482036,ORD-1775162169215
5746,5,2026-04-02 20:38:40,غارم معسر عليه دين بقيمة ثمانية عشر ألف دينار,اسلام خالد حسن,0915482036,ORD-1775162169215
5745,10,2026-04-02 20:34:33,توفير سكن للعائلة متعففة تقيم في الشارع العام,اسلام خالد حسن,0915482036,ORD-1775161945506
5743,10,2026-04-02 20:23:59,إنشاء مسجد حنظلة بن الربيع بمنطقة الكويفية,اسلام خالد حسن,0915482036,ORD-1775161143978
5739,100,2026-04-02 17:35:34,كفارة يمين,صهيب بوجميله,0924113149,ORD-1775151133694
5606,10,2026-03-29 23:42:21,كفارة يمين,noure,0911081088,مسترجع / بدون تتبع
5605,5,2026-03-29 23:42:21,غارم معسر عليه دين بقيمة ثمانية عشر ألف دينار,noure,0911081088,ORD-1774827613433
5604,10,2026-03-29 23:29:04,تجهيز موتى المسلمين,منير ابراهيم ميلاد المقصبي,0922937343,ORD-1774826676069
5603,10,2026-03-29 23:28:35,تجهيز موتى المسلمين,منير ابراهيم ميلاد المقصبي,0922937343,ORD-1774826676069
10232,10,2026-03-29 23:24:40,فدية صيام,noure,0911081088,ORD-1774826676069
10231,10,2026-03-14 02:19:43,فدية صيام,noure,0911081088,ORD-1773454776528
4615,10,2026-03-14 02:19:01,فدية الصيام,موسى المحلي,0923023267,ORD-1773454776528
10230,300,2026-03-14 00:08:52,فدية صيام,هيثم قندي,0913976162,ORD-1773446711357
10229,1500,2026-03-12 12:13:02,إفطار صائم,محمد سالم كاباوي,0913300391,ORD-1773318741153
10228,100,2026-03-11 04:56:14,فدية صيام,محمد احمد سالم التاجر,0919617856,ORD-1773204973435
10227,10,2026-03-10 21:24:37,إنشاء مسجد حنظلة بن الربيع بمنطقة الكويفية,حسين فتح الله,0911089806,ORD-1773177876485
10226,100,2026-03-10 21:19:19,كفارة يمين,حسين فتح الله,0911089806,ORD-1773176986893
10225,25,2026-03-10 21:18:12,توفير أثاث معمر لشاب مقبل على الزواج,ابوبكر العوامي,0924322303,ORD-1773177492532
10224,100,2026-03-10 21:13:24,كفارة يمين,حسين فتح الله,0911089806,ORD-1773176986893
10223,100,2026-03-10 17:52:51,كفارة يمين,محمد اسلومه عتيق,0910619988,ORD-1773165171175
10222,50,2026-03-09 22:14:11,توفير سكن للعائلة متعففة تقيم في الشارع العام,معمر مسعود مصباح سعيد,0913606158,ORD-1773094452739
10221,25,2026-03-09 22:11:30,حملة لغرس أشجار في مناطق متعددة,معمر مسعود مصباح سعيد,0913606158,ORD-1773094291495
10220,100,2026-03-04 05:42:10,توفير سكن للعائلة متعففة تقيم في الشارع العام,صلاح أحمد,0914266991,ORD-1772602929778
10219,100,2026-03-03 20:37:03,إفطار صائم,غنيه محمد علي,0917537916,ORD-1772570145624
10218,100,2026-03-02 01:55:32,كفارة يمين,صهيب بوجميله,0924113149,ORD-1772416089821
5904,100,2026-03-02 00:00:00,كفارة يمين,صهيب بوجميله,0924113149,مسترجع / بدون تتبع
